/docs/integrations/android-integration /docs/libraries/android 301
/docs/integrations/community /docs/libraries/community 301
/docs/integrations/docusaurus-integration /docs/libraries/docusaurus 301
/docs/integrations/elixir-integration /docs/libraries/elixir 301
/docs/integrations/flutter-integration /docs/libraries/flutter 301
/docs/integrations/gatsby-integration /docs/libraries/gatsby 301
/docs/integrations/go-integration /docs/libraries/go 301
/docs/integrations/ios-integration /docs/libraries/ios 301
/docs/integrations/javascript-integration /docs/libraries/js 301
/docs/integrations/js-integration /docs/libraries/js 301
/docs/integrations/message-formatting /docs/libraries/message-formatting 301
/docs/integrations/microsoft-teams /docs/libraries/microsoft-teams 301
/docs/integrations/node-integration /docs/libraries/node 301
/docs/integrations/php-integration /docs/libraries/php 301
/docs/integrations/python-integration /docs/libraries/python 301
/docs/integrations/react-native-integration /docs/libraries/react-native 301
/docs/integrations/ruby-integration /docs/libraries/ruby 301
/docs/integrations/rudderstack-integration /docs/libraries/rudderstack 301
/docs/integrations/segment-integration /docs/libraries/segment 301
/docs/integrations/sentry-integration /docs/libraries/sentry 301
/docs/integrations/slack /docs/libraries/slack 301
/handbook/company/structure /handbook/people/team-structure/why-small-teams 301
/handbook/people/team /handbook/company/team 301
/handbook/growth/customer-success /handbook/growth/customer-support 301
/handbook/getting-started /handbook/getting-started/start-here 301
/handbook/people/team-structure/user-experience /handbook/people/team-structure/core-experience 301
/docs/plugins/build/overview /docs/apps/build 301
/docs/plugins/types /docs/apps/build/types 301
/docs/developing-locally /docs/contributing/developing-locally 301
/docs/project-structure /docs/contributing/project-structure 301
/docs/recognizing-contributions /docs/contributing/recognizing-contributions 301
/docs/stack /docs/contributing/stack 301
/docs/updating-documentation /docs/contributing/updating-documentation 301
/docs/configuring-posthog/scaling-posthog /docs/self-host 301
/docs/self-host/overview /docs/self-host 301
/docs/deployment /docs/self-host#deploy 301
/docs/self-host/configure /docs/self-host#configure 301
/docs/configuring-posthog /docs/self-host/configure 301
/docs/features/log-in-with-github-gitlab /docs/user-guides/sso 301
/docs/contributing/developing-locally /docs/contribute/developing-locally 301
/docs/contributing /docs/contribute 301
/docs/contributing/project-structure /docs/contribute/project-structure 301
/docs/contributing/recognizing-contributions /docs/contribute/recognizing-contributions 301
/docs/contributing/stack /docs/contribute/stack 301
/docs/contributing/updating-documentation /docs/contribute/updating-documentation 301
/docs/libraries/android /docs/integrate/client/android 301
/docs/libraries/flutter /docs/integrate/client/flutter 301
/docs/libraries/ios /docs/integrate/client/ios 301
/docs/libraries/js /docs/integrate/client/js 301
/docs/libraries/react-native /docs/integrate/client/react-native 301
/docs/deployment/snippet-installation /docs/integrate/client/snippet-installation 301
/docs/libraries/elixir /docs/integrate/server/elixir 301
/docs/libraries/go /docs/integrate/server/go 301
/docs/libraries/node /docs/integrate/server/node 301
/docs/libraries/php /docs/integrate/server/php 301
/docs/libraries/python /docs/integrate/server/python 301
/docs/libraries/ruby /docs/integrate/server/ruby 301
/docs/libraries/docusaurus /docs/integrate/third-party/docusaurus 301
/docs/libraries/gatsby /docs/integrate/third-party/gatsby 301
/docs/tutorials/1-minute/integrate-with-gtm /docs/integrate/third-party/google-tag-manager 301
/docs/tutorials/1-minute/integrate-with-metabase /docs/integrate/third-party/metabase 301
/docs/tutorials/1-minute/integrate-with-nuxt-js /docs/integrate/third-party/nuxt-js 301
/docs/tutorials/1-minute/integrate-with-retool /docs/integrate/third-party/retool 301
/docs/libraries/rudderstack /docs/integrate/third-party/rudderstack 301
/docs/libraries/segment /docs/integrate/third-party/segment 301
/docs/libraries/sentry /docs/integrate/third-party/sentry 301
/docs/tutorials/1-minute/integrate-with-shopify /docs/integrate/third-party/shopify 301
/docs/tutorials/1-minute/integrate-with-wordpress /docs/integrate/third-party/wordpress 301
/docs/libraries/message-formatting /docs/integrate/webhooks/message-formatting 301
/docs/libraries/microsoft-teams /docs/integrate/webhooks/microsoft-teams 301
/docs/libraries/slack /docs/integrate/webhooks/slack 301
/docs/configuring-posthog/email /docs/self-host/configure/email 301
/docs/configuring-posthog/environment-variables /docs/self-host/configure/environment-variables 301
/docs/configuring-posthog/running-behind-proxy /docs/self-host/configure/running-behind-proxy 301
/docs/configuring-posthog/securing-posthog /docs/self-host/configure/securing-posthog 301
/docs/configuring-posthog/upgrading-posthog /docs/self-host/configure/upgrading-posthog 301
/docs/deployment/deploy-aws-clickhouse /docs/self-host/deploy/aws-clickhouse 301
/docs/deployment/deploy-aws /docs/self-host/deploy/aws 301
/docs/deployment/deploy-azure /docs/self-host/deploy/azure 301
/docs/deployment/deploy-digital-ocean /docs/self-host/deploy/digital-ocean 301
/docs/deployment/deploy-docker /docs/self-host/deploy/docker 301
/docs/deployment/deploy-gke-clickhouse /docs/self-host/deploy/gke-clickhouse 301
/docs/deployment/deploy-gcs /docs/self-host/deploy/google-cloud-services 301
/docs/self-host/deploy/gcs /docs/self-host/deploy/google-cloud-services 301
/docs/deployment/deploy-heroku /docs/self-host/deploy/heroku 301
/docs/deployment/hosting-costs /docs/self-host/deploy/hosting-costs 301
/docs/deployment/deploy-kubernetes /docs/self-host/deploy/kubernetes 301
/docs/deployment/deploy-proxy /docs/self-host/deploy/proxy 301
/docs/deployment/deploy-qovery /docs/self-host/deploy/qovery 301
/docs/deployment/deploy-render /docs/self-host/deploy/render 301
/docs/deployment/deploy-source /docs/self-host/deploy/source 301
/docs/configuring-posthog/deleting-data /docs/tutorials/deleting-data 301
/docs/features/actions /docs/user-guides/actions 301
/docs/features/annotations /docs/user-guides/annotations 301
/docs/application-settings /docs/user-guides/application-settings 301
/docs/features/cohorts /docs/user-guides/cohorts 301
/docs/features/dashboards /docs/user-guides/dashboards 301
/docs/features/events /docs/user-guides/events 301
/docs/features/feature-flags /docs/user-guides/feature-flags 301
/docs/features/funnels /docs/user-guides/funnels 301
/docs/features/organizations /docs/user-guides/organizations 301
/docs/features/paths /docs/user-guides/paths 301
/docs/features/plugins /docs/apps 301
/docs/features/projects /docs/user-guides/projects 301
/docs/features/retention /docs/user-guides/retention 301
/docs/features/session-recording /docs/user-guides/session-recording 301
/docs/features/sessions /blog/sessions-removal 301
/docs/features/toolbar /docs/user-guides/toolbar 301
/docs/features/trends /docs/user-guides/trends 301
/docs/features/users /docs/user-guides/users 301
/docs/tutorials/overview /docs/tutorials 301
/docs/features /docs/user-guides 301
/docs/tutorials/1-minute/survey /docs/tutorials/survey 301
/features /product 301
/docs/integrate/overview /docs/integrate 301
/docs/integrations /docs/integrate 301
/docs/libraries /docs/integrate 301
/docs/self-host/deploy/render /docs/self-host/deploy/other#render 301
/docs/self-host/deploy/qovery /docs/self-host/deploy/other 301
/docs/tutorials/actions /docs/tutorials/event-tracking-guide 301
/docs/plugins/overview /docs/apps 301
/docs/api/overview /docs/api 301
/docs/contribute/overview /docs/contribute 301
/docs/user-guides/overview /docs/user-guides 301
/signup /pricing 301
/docs/user-guides/log-in-with-sso /docs/user-guides/sso 301
/docs/self-host/deploy/azure /docs/self-host/deploy/other 301
/docs/self-host/deploy/docker /docs/self-host/deploy/other 301
/docs/self-host/deploy/google-cloud-services /docs/self-host/deploy/gcp 301
/docs/self-host/deploy/heroku /docs/self-host/deploy/digital-ocean 301
/docs/self-host/deploy/kubernetes /docs/self-host/deploy/other 301
/docs/self-host/deploy/source /docs/self-host/deploy/other 301
/docs/self-host/deploy/proxy /docs/cloud/proxy 301
/docs/data-model /docs/data-model 301
/handbook/people/hiring-process/hiring-process /handbook/people/hiring-process 301
/docs/integrate/client/ios/index /docs/integrate/client/ios 301
/docs/integrate/client/js/index /docs/integrate/client/js 301
/handbook/people/hiring-process/index /handbook/people/hiring-process/hiring-process 301
/docs/self-host/deploy/overview /docs/self-host 301
/handbook/people/team-structure/growth-engineering /handbook/people/team-structure/growth 301
/handbook/people/team-structure/infrastructure /handbook/people/team-structure/platform 301
/docs/user-guides/projects /docs/user-guides/organizations-and-projects 301
/docs/user-guides/organizations /docs/user-guides/organizations-and-projects 301
/handbook/engineering/enterprise-prioritization /handbook/product/enterprise-features-prioritization 301
/blog/titles /blog/startup-job-titles 301
/handbook/growth/marketing/Customer-personas /handbook/growth/marketing/customer-personas 301
/handbook/engineering/product-team /handbook/product/product-team 301
/handbook/engineering/scale-features-prioritization /handbook/product/enterprise-features-prioritization 301
/blog/Building-the-future-of-game-analytics-pureskill /blog/building-the-future-of-game-analytics-pureskill 301
/handbook/product/scale-features-prioritization /handbook/product/enterprise-features-prioritization 301
/handbook/engineering/debugging /handbook/engineering/production-access 301
/docs/user-guides/session-recording /docs/user-guides/recordings 301
/handbook/product/scale-features-prioritization /handbook/engineering/scale-features-prioritization 301
/blog/sessions-deprecation /blog/sessions-removal 301
/docs/self-host/runbook/overview /docs/self-host/runbook 301
/blog/aarrr-how-to-build-pirate-funnel-posthog-with-posthog /docs/tutorials/aarrr-how-to-build-pirate-funnel-posthog-with-posthog 301
/docs/user-guides/users /docs/user-guides/persons 301
/docs/self-host/deploy/gke-clickhouse /docs/self-host/deploy/gcp 301
/docs/self-host/deploy/aws-clickhouse /docs/self-host/deploy/aws 301
/docs/integrations/api /docs/api 301
/docs/features/sso /docs/user-guides/sso 301
/docs/deployment/securing-posthog /docs/self-host/configure/securing-posthog 301
/docs/deployment/smtp-credentials /docs/self-host/configure/email 301
/docs/deployment/deploy-linode /docs/self-host 301
/request_demo /schedule-demo 301
/handbook/strategy/investor-updates /handbook/strategy/investors 301
/handbook/engineering/feature-parity /handbook/strategy/strategy 301
/docs/contribute/updating-documentation /docs/contribute 301
/handbook/growth/marketing/messaging_framework /handbook/growth/marketing 301
/handbook/growth/handbook/engineering/support-hero /handbook/growth/handbook/support-hero 301
/handbook/people/handbook/people/hiring-process/marketing-hiring /handbook/people/hiring-process/marketing-hiring 301
/docs/plugins/maxmind /apps 301
/about /handbook/company/story 301
/team /handbook/company/team 301
/contact /signup/self-host/get-in-touch#contact 301
/docs/integrate/third-party /docs/integrate 301
/docs/deployment/running-behind-proxy /docs/self-host/configure/running-behind-proxy 301
/docs/integrated /docs/integrate 301
/docs/scaling-posthog /docs/self-host/deploy/configuration#scaling-up 301
/handbook/growth/sales/ /handbook/growth/sales/overview 301
/docs/api/api /docs/api 301
/docs/code-of-conduct /docs/contribute/code-of-conduct 301
/docs/self-host/docs/self-host/postgres-vs-clickhouse /docs/self-host/postgres-vs-clickhouse 301
/blog/the-posthog-array-1-29-1 /blog/the-posthog-array-1-29-0 301
/blog/the-posthog-array-1-28-1 /blog/the-posthog-array-1-28-0 301
/blog/the-posthog-array-1-23-1 /blog/the-posthog-array-1-23-0 301
/blog/the-posthog-array-1-15-1 /blog/the-posthog-array-1-15-0 301
/handbook/people/team-structure/design /handbook/design/about-design 301
/handbook/design/about-design /handbook/people/team-structure/design 301
/product-features/self-hosted /product 301
/product-features/event-autocapture /product 301
/product-features/trends /product/trends 301
/product-features/funnels /apps/funnels 301
/product-features/retention /product 301
/product-features/feature-flags /apps/feature-flags 301
/product-features/session-recording /apps/session-recording 301
/product-features/plugins /apps 301
/heatmaps /apps/heatmaps 301
/docs/tutorials/aarrr-framework /tutorials/aarrr-framework 301
/docs/tutorials/aarrr-how-to-build-pirate-funnel-posthog-with-posthog /tutorials/aarrr-how-to-build-pirate-funnel-posthog-with-posthog 301
/docs/tutorials/b2b /tutorials/b2b 301
/docs/tutorials/cohorts /tutorials/cohorts 301
/docs/tutorials/deleting-data /tutorials/deleting-data 301
/docs/tutorials/event-tracking-guide /tutorials/event-tracking-guide 301
/docs/tutorials/feature-flags /tutorials/feature-flags 301
/docs/tutorials/funnels /tutorials/funnels 301
/docs/tutorials/how-to-embed-shared-dashboard /tutorials/how-to-embed-shared-dashboard 301
/docs/tutorials/nextjs-supabase-signup-funnel /tutorials/nextjs-supabase-signup-funnel 301
/docs/tutorials/retention /tutorials/retention 301
/docs/tutorials/revenue /tutorials/revenue 301
/docs/tutorials/spa /tutorials/spa 301
/docs/tutorials/survey /tutorials/survey 301
/docs/tutorials/taxonomy-acquisition /tutorials/taxonomy-acquisition 301
/docs/tutorials/toolbar /tutorials/toolbar 301
/docs/tutorials/tracking-teams /tutorials/tracking-teams 301
/handbook/company/branding /handbook/company/brand-assets 301
/docs/self-host/hobby-deployment /docs/self-host/deploy/hobby 301
/handbook/engineering/ee-setup /docs/contribute/developing-locally 301
/docs/user-guides/sessions /blog/sessions-removal 301
/docs/tutorials/how-to-segment-users /tutorials/how-to-segment-users 301
/docs/self-host/runbook/clickhouse/vertical_scaling /docs/self-host/runbook/clickhouse/vertical-scaling 301
/docs/privacy/overview /docs/privacy 301
/docs/integrate/gdpr /docs/privacy/gdpr-compliance 301
/blog/hipaa-compliant-analytics /blog/best-hipaa-compliant-analytics-tools 301
/handbook/engineering/databases/async-migrations /handbook/engineering/async-migrations 301
/handbook/engineering/databases/event-ingestion /handbook/engineering/event-ingestion 301
/handbook/engineering/databases/query-performance-optimization /handbook/engineering/query-performance-optimization 301
/handbook/engineering/databases/schema-changes /handbook/engineering/schema-changes 301
/handbook/engineering/aws /handbook/engineering/cloud-providers 301
/docs/contribute/coding-conventions /handbook/engineering/conventions/frontend-coding 301
/docs/contribute/developing-locally /handbook/engineering/developing-locally 301
/handbook/engineering/mdx /handbook/engineering/posthog-com/mdx-setup 301
/docs/contribute/project-structure /handbook/engineering/project-structure 301
/docs/contribute/stack /handbook/engineering/stack 301
/tutorials/categories/session-recordings /tutorials/categories/session-recording 301
/docs/contribute/contribute-to-website /handbook/engineering/posthog-com/developing-the-website 301
/sso /docs/user-guides/sso 301
/docs/api/people /docs/api/persons 301
/handbook/engineering/k8s-overview /docs/self-host/architecture 301
/product/quantitative-analysis /apps/quantitative-analysis 301
/product/user-paths /apps/user-paths 301
/tutorials/free-hotjar-alternative /blog/best-open-source-session-replay-tools 301
/docs/privacy/hipaa-compliance /blog/hipaa-compliant-analytics 301
/handbook/engineering/conventions/frontend-coding /docs/contribute/coding-conventions 301
/handbook/engineering/posthog-com/developing-the-website /docs/contribute/contribute-to-website 301
/handbook/engineering/developing-locally /docs/contribute/developing-locally 301
/handbook/engineering/project-structure /docs/contribute/project-structure 301
/handbook/engineering/stack /docs/contribute/stack 301
/handbook/engineering/cloud-providers /handbook/engineering/aws 301
/handbook/engineering/posthog-com/mdx-setup /handbook/engineering/mdx 301
/product/quantitative-analysis /product/correlation-analysis 301
/docs/plugins/build/types /docs/apps/build/types 301
/docs/plugins/enabling /docs/apps/enabling 301
/docs/plugins /docs/apps 301
/integrations /apps 301
/docs/user-guides/plugins /docs/apps 301
/product-features /blog/posthog-vs-amplitude 301
/docs/plugins/build/reference /docs/apps/build/reference 301
/support /questions 301
/customers/why-i-ditched-mixpanel-for-posthog /blog/why-i-ditched-google-analytics-for-posthog 301
/handbook/company/1-1s /handbook/company/management 301
/lenny /?utm_campaign=lenny 301
/blog/the-posthog-array-1-36-1 /blog/the-posthog-array-1-36-0 301
/tutorials/b2b /blog/b2b-saas-product-metrics 301
/docs/self-host/migrate-to-cloud /docs/self-host/migrate/migrate-between-cloud-and-self-hosted 301
/tutorials/categories/plugins /tutorials/categories/apps 301
/startups /pricing 301
/trial /pricing 301
/schedule-demo /book-a-demo 301
/apps/airbyte-export/docs /docs/apps/airbyte-export 301
/apps/amazon-kinesis/docs /docs/apps/amazon-kinesis 301
/apps/automatic-cohort-creator/docs /docs/apps/automatic-cohort-creator 301
/apps/bigquery-export/docs /docs/apps/bigquery-export 301
/apps/bitbucket-release-tracker/docs /docs/apps/bitbucket-release-tracker 301
/apps/braze/docs /docs/apps/braze 301
/apps/currency-normalization/docs /docs/apps/currency-normalization 301
/apps/customer-io/docs /docs/apps/customer-io 301
/apps/databricks/docs /docs/apps/databricks 301
/apps/downsampling/docs /docs/apps/downsampling 301
/apps/email-scoring/docs /docs/apps/email-scoring 301
/apps/engage-connector/docs /docs/apps/engage-connector 301
/apps/event-sequence-timer/docs /docs/apps/event-sequence-timer 301
/apps/first-time-event-tracker/docs /docs/apps/first-time-event-tracker 301
/apps/geoip-enrichment/docs /docs/apps/geoip-enrichment 301
/apps/github-release-tracker/docs /docs/apps/github-release-tracker 301
/apps/github-star-sync/docs /docs/apps/github-star-sync 301
/apps/gitlab-release-tracker/docs /docs/apps/gitlab-release-tracker 301
/apps/google-cloud-export/docs /docs/apps/google-cloud-export 301
/apps/google-pub-sub-connector/docs /docs/apps/google-pub-sub-connector 301
/apps/heartbeat/docs /docs/apps/heartbeat 301
/apps/hubspot-connector/docs /docs/apps/hubspot-connector 301
/apps/ingestion-alert/docs /docs/apps/ingestion-alert 301
/apps/intercom/docs /docs/apps/intercom 301
/apps/migrator-3000/docs /docs/apps/migrator-3000 301
/apps/n8n/docs /docs/apps/n8n 301
/apps/orbit/docs /docs/apps/orbit 301
/apps/pagerduty-connector/docs /docs/apps/pagerduty-connector 301
/apps/postgres-export/docs /docs/apps/postgres-export 301
/apps/property-filter/docs /docs/apps/property-filter 301
/apps/property-flattener/docs /docs/apps/property-flattener 301
/apps/redshift-export/docs /docs/apps/redshift-export 301
/apps/redshift-import/docs /docs/apps/redshift-import 301
/apps/replicator/docs /docs/apps/replicator 301
/apps/rudderstack-export/docs /docs/apps/rudderstack-export 301
/apps/s3-export/docs /docs/apps/s3-export 301
/apps/salesforce-connector/docs /docs/apps/salesforce-connector 301
/apps/schema-enforcer/docs /docs/apps/schema-enforcer 301
/apps/segment/docs /docs/apps/segment 301
/apps/sendgrid-connector/docs /docs/apps/sendgrid-connector 301
/apps/sentry-connector/docs /docs/apps/sentry-connector 301
/apps/shopify/docs /docs/apps/shopify 301
/apps/snowflake-export/docs /docs/apps/snowflake-export 301
/apps/taxonomy-standardizer/docs /docs/apps/taxonomy-standardizer 301
/apps/timestamp-parser/docs /docs/apps/timestamp-parser 301
/apps/twilio/docs /docs/apps/twilio 301
/apps/twitter-followers/docs /docs/apps/twitter-followers 301
/apps/unduplicator/docs /docs/apps/unduplicator 301
/apps/url-normalizer/docs /docs/apps/url-normalizer 301
/apps/user-agent-populator/docs /docs/apps/user-agent-populator 301
/apps/variance-connector/docs /docs/apps/variance-connector 301
/apps/zapier-connector/docs /docs/apps/zapier-connector 301
/apps/zendesk-connector/docs /docs/apps/zendesk-connector 301
/handbook/engineering/app-east /handbook/people/team-structure/app-east 301
/blog/the-posthog-array-1-37-1 /blog/the-posthog-array-1-37-0 301
/handbook/engineering/app-west /handbook/people/team-structure/app-west 301
/docs/self-host/configure/async-migrations /docs/runbook/async-migrations 301
/docs/self-host/configure/async-migrations/0001-events-sample-by /docs/runbook/async-migrations/0001-events-sample-by 301
/docs/self-host/configure/async-migrations/0002-events-sample-by /docs/runbook/async-migrations/0002-events-sample-by 301
/docs/self-host/configure/async-migrations/0003-fill-person-distinct-id2 /docs/runbook/async-migrations/0003-fill-person-distinct-id2 301
/docs/self-host/configure/async-migrations/overview /docs/runbook/async-migrations 301
/docs/self-host/disaster-recovery /docs/runbook/disaster-recovery 301
/docs/self-host/migrate/migrate-between-cloud-and-self-hosted /docs/runbook/migrate/migrate-between-cloud-and-self-hosted 301
/docs/self-host/migrate/migrate-from-amplitude /docs/runbook/migrate/migrate-from-amplitude 301
/docs/self-host/migrate/migrate-to-another-self-hosted-instance /docs/migrate/migrate-to-another-self-hosted-instance 301
/docs/self-host/runbook/clickhouse/backup /docs/runbook/services/clickhouse/backup 301
/docs/self-host/runbook/clickhouse /docs/runbook/services/clickhouse 301
/docs/self-host/runbook/clickhouse/kafka-engine /docs/runbook/services/clickhouse/kafka-engine 301
/docs/self-host/runbook/clickhouse/resize-disk /docs/runbook/services/clickhouse/resize-disk 301
/docs/self-host/runbook/clickhouse/restore /docs/runbook/services/clickhouse/restore 301
/docs/self-host/runbook/clickhouse/sharding-and-replication /docs/runbook/services/clickhouse/sharding-and-replication 301
/docs/self-host/runbook/clickhouse/vertical-scaling /docs/runbook/services/clickhouse/vertical-scaling 301
/docs/self-host/runbook/kafka /docs/runbook/services/kafka 301
/docs/self-host/runbook/kafka/log-retention /docs/runbook/services/kafka/log-retention 301
/docs/self-host/runbook/kafka/resize-disk /docs/runbook/services/kafka/resize-disk 301
/docs/self-host/runbook/minio /docs/runbook/services/minio 301
/docs/self-host/runbook/plugin-server/diagrams/async-server /docs/runbook/services/plugin-server/diagrams/async-server 301
/docs/self-host/runbook/plugin-server/diagrams/event-flow /docs/runbook/services/plugin-server/diagrams/event-flow 301
/docs/self-host/runbook/plugin-server/diagrams/ingestion-server /docs/runbook/services/plugin-server/diagrams/ingestion-server 301
/docs/self-host/runbook/plugin-server/diagrams/plugin-server /docs/runbook/services/plugin-server/diagrams/plugin-server 301
/docs/self-host/runbook/plugin-server /docs/runbook/services/plugin-server 301
/docs/self-host/runbook/postgresql /docs/runbook/services/postgresql 301
/docs/self-host/postgres-upgrade-migrations /docs/runbook/services/postgresql/long-migrations 301
/docs/self-host/runbook/postgresql/resize-disk /docs/runbook/services/postgresql/resize-disk 301
/docs/self-host/runbook/redis /docs/runbook/services/redis 301
/docs/self-host/runbook/zookeeper /docs/runbook/services/zookeeper 301
/docs/self-host/deploy/upgrade-notes /docs/runbook/upgrade-notes 301
/docs/self-host/configure/upgrading-posthog /docs/runbook/upgrading-posthog 301
/tutorials/aarrr-framework /blog/aarrr-pirate-funnel 301
/tutorials/aarrr-how-to-build-pirate-funnel-posthog-with-posthog /blog/aarrr-pirate-funnel 301
/docs/cloud/proxy /docs/integrate/proxy 301
/docs/self-host/migrate/migrate-between-cloud-and-self-hosted /docs/migrate/migrate-between-cloud-and-self-hosted 301
/docs/self-host/migrate/migrate-from-amplitude /docs/migrate/migrate-from-amplitude 301
/docs/self-host/migrate-from-postgres-to-clickhouse /docs/self-host/migrate/migrate-to-another-self-hosted-instance 301
/plugins/customer.io /apps/customer-io 301
/plugins/hubspot /apps/hubspot-connector 301
/plugins/pub/sub-export /apps/google-pub-sub-connector 301
/plugins/sendgrid /apps/sendgrid-connector 301
/plugins/geoip /apps/apps/geoip-enrichment 301
/plugins/event-sequence-timer-plugin /apps/event-sequence-timer 301
/handbook/product/pm-rampup /handbook/people/ramp-up/product-manager 301
/handbook/people/team-structure/team-structure/why-small-teams /handbook/people/team-structure/why-small-teams 301
/docs/plugins/build /docs/apps/build 301
/docs/user-guides/actions /manual/actions 301
/docs/user-guides/annotations /manual/annotations 301
/docs/user-guides/application-settings /manual/application-settings 301
/docs/user-guides/cohorts /manual/cohorts 301
/docs/user-guides/correlation /manual/correlation 301
/docs/user-guides/dashboards /manual/dashboards 301
/docs/user-guides/data-management /manual/data-management 301
/docs/user-guides/events /manual/events 301
/docs/user-guides/experimentation /manual/experimentation 301
/docs/user-guides/feature-flags /manual/feature-flags 301
/docs/user-guides/funnels /manual/funnels 301
/docs/user-guides/group-analytics /manual/group-analytics 301
/docs/user-guides /using-posthog 301
/docs/user-guides/insights /manual/insights 301
/docs/user-guides/lifecycle /manual/lifecycle 301
/docs/user-guides/organizations-and-projects /manual/organizations-and-projects 301
/docs/user-guides/paths /manual/paths 301
/docs/user-guides/persons /manual/persons 301
/docs/user-guides/recordings /manual/recordings 301
/docs/user-guides/retention /manual/retention 301
/docs/user-guides/sessions /manual/sessions 301
/docs/user-guides/sso /manual/sso 301
/docs/user-guides/stickiness /manual/stickiness 301
/docs/user-guides/subscriptions /manual/subscriptions 301
/docs/user-guides/support /manual/support 301
/docs/user-guides/toolbar /manual/toolbar 301
/docs/user-guides/trends /manual/trends 301
/docs/user-guides/utm-segmentation /manual/utm-segmentation 301
/docs/user-guides/subscriptions /manual/notifications-and-alerts 301
/next-steps/* /next-steps 200 
/question/* /question 200
/careers/* /careers 200
/plugins/* /apps/:splat 301
/docs/tutorials/* /tutorials/:splat 301
/integrations/* /apps/:splat 301
docs/architecture/ingestion-pipeline docs/how-posthog-works/ingestion-pipeline 301